الرقم المهني;رقم التأجير;الاسم العائلي;الاسم الشخصي;الرتبة;الصفة;المصلحة;القسم;تاريخ الالتحاق بالعمل;تاريخ الازدياد;العنوان;الهاتف;الوضعية العائلية
FAKE-0001;PPR-FAKE-01;تجريبي;أحمد;متدرّب تجريبي;عنصر;مصلحة تجريبية 1;قسم تجريبي أ;2016-04-11;1987-02-10;زنقة تجريبية رقم 1، مدينة وهمية;0600000001;متزوج(ة)
FAKE-0002;PPR-FAKE-02;تجريبي;سعاد;متدرّبة تجريبية;عنصر;مصلحة تجريبية 1;قسم تجريبي أ;2018-09-01;1992-06-25;زنقة تجريبية رقم 2، مدينة وهمية;0600000002;عازب(ة)
FAKE-0003;PPR-FAKE-03;تجريبي;فاطمة;متدرّبة تجريبية;رئيس;مصلحة تجريبية 2;قسم تجريبي ب;2011-01-17;1983-11-03;زنقة تجريبية رقم 3، مدينة وهمية;0600000003;متزوج(ة)
FAKE-0004;PPR-FAKE-04;تجريبي;ياسين;متدرّب تجريبي;عنصر;مصلحة تجريبية 2;قسم تجريبي ب;2020-03-30;1995-04-19;زنقة تجريبية رقم 4، مدينة وهمية;0600000004;عازب(ة)
FAKE-0005;PPR-FAKE-05;وهمي;نزهة;متدرّبة تجريبية;عنصر;مصلحة تجريبية 3;قسم تجريبي ج;2014-07-08;1989-12-01;زنقة تجريبية رقم 5، مدينة وهمية;0600000005;متزوج(ة)
FAKE-0006;PPR-FAKE-06;وهمي;رشيد;متدرّب تجريبي;رئيس;مصلحة تجريبية 3;قسم تجريبي ج;2009-11-23;1980-08-14;زنقة تجريبية رقم 6، مدينة وهمية;0600000006;مطلق(ة)
FAKE-0007;PPR-FAKE-07;وهمي;هند;متدرّبة تجريبية;عنصر;مصلحة تجريبية 1;قسم تجريبي أ;2021-05-12;1997-01-29;زنقة تجريبية رقم 7، مدينة وهمية;0600000007;عازب(ة)
FAKE-0008;PPR-FAKE-08;اختبار;عمر;متدرّب تجريبي;عنصر;مصلحة تجريبية 2;قسم تجريبي ب;2017-02-06;1990-09-08;زنقة تجريبية رقم 8، مدينة وهمية;0600000008;متزوج(ة)
FAKE-0009;PPR-FAKE-09;اختبار;ليلى;متدرّبة تجريبية;رئيس;مصلحة تجريبية 3;قسم تجريبي ج;2013-10-21;1986-03-22;زنقة تجريبية رقم 9، مدينة وهمية;0600000009;أرمل(ة)
FAKE-0010;PPR-FAKE-10;اختبار;خالد;متدرّب تجريبي;عنصر;مصلحة تجريبية 1;قسم تجريبي أ;2019-12-02;1994-07-05;زنقة تجريبية رقم 10، مدينة وهمية;0600000010;مطلق(ة)
